Cluster,Sl_No_mean,Sl_No_median,Sl_No_std,Sl_No_count,Customer Key_mean,Customer Key_median,Customer Key_std,Customer Key_count,Avg_Credit_Limit_mean,Avg_Credit_Limit_median,Avg_Credit_Limit_std,Avg_Credit_Limit_count,Total_Credit_Cards_mean,Total_Credit_Cards_median,Total_Credit_Cards_std,Total_Credit_Cards_count,Total_visits_bank_mean,Total_visits_bank_median,Total_visits_bank_std,Total_visits_bank_count,Total_visits_online_mean,Total_visits_online_median,Total_visits_online_std,Total_visits_online_count,Total_calls_made_mean,Total_calls_made_median,Total_calls_made_std,Total_calls_made_count,Cluster_mean,Cluster_median,Cluster_std,Cluster_count,Cluster_size,Cluster_pct
0,420.5,420.5,110.99549540409286,384,54977.705729166664,53084.0,25254.66666850305,384,33507.8125,31000.0,21992.639200749887,384,5.518229166666667,6.0,1.1286355770944743,384,3.5052083333333335,3.0,1.1194804643265122,384,0.9791666666666666,1.0,0.8547720953996905,384,2.0,2.0,1.4270786680502863,384,0.0,0.0,0.0,384,384,58.18
1,611.28,635.5,125.55770118368132,50,56708.76,53875.0,26862.130096643108,50,141040.0,145500.0,34457.87727243873,50,8.74,9.0,1.2747148540688125,50,0.6,1.0,0.4948716593053936,50,10.9,11.0,2.8802635933794223,50,1.08,1.0,0.8769148144698747,50,1.0,1.0,0.0,50,50,7.58
2,115.46017699115045,115.5,65.45302443034733,226,55072.902654867255,54990.5,26081.22269303752,226,12831.858407079646,12000.0,8295.008035484427,226,2.433628318584071,2.0,1.1460161425637583,226,0.9292035398230089,1.0,0.7968472783752736,226,3.5353982300884956,4.0,1.2332735375762118,226,6.827433628318584,7.0,2.042079453786071,226,2.0,2.0,0.0,226,226,34.24
